user_id,R,F,M,cluster,用户分群
U00001,1,50,41473.1,2,高价值用户
U00002,1,22,16722.35,2,高价值用户
U00003,18,23,26206.320000000003,2,高价值用户
U00004,5,22,6497.88,2,高价值用户
U00005,20,26,9527.91,2,高价值用户
U00006,13,16,16122.0,2,高价值用户
U00007,3,25,4361.23,2,高价值用户
U00008,6,14,29947.5,2,高价值用户
U00009,12,20,6835.82,2,高价值用户
U00010,2,23,5508.08,2,高价值用户
U00011,35,18,5746.38,2,高价值用户
U00012,4,22,14837.12,2,高价值用户
U00013,23,14,5981.48,2,高价值用户
U00014,23,18,22579.75,2,高价值用户
U00015,15,16,14621.560000000001,2,高价值用户
U00016,28,14,19169.56,2,高价值用户
U00017,8,14,5185.13,2,高价值用户
U00018,16,13,1853.16,2,高价值用户
U00019,20,13,25844.79,2,高价值用户
U00020,16,9,4000.46,2,高价值用户
U00021,25,15,41698.53,2,高价值用户
U00022,9,16,4217.95,2,高价值用户
U00023,16,17,9750.449999999999,2,高价值用户
U00024,28,9,5488.07,2,高价值用户
U00025,54,10,2351.94,2,高价值用户
U00026,181,9,18314.26,2,高价值用户
U00027,10,6,5493.17,2,高价值用户
U00028,10,10,6452.25,2,高价值用户
U00029,76,5,1110.6499999999999,3,低价值用户
U00030,17,12,13843.980000000001,2,高价值用户
U00031,11,11,9164.08,2,高价值用户
U00032,18,12,8615.73,2,高价值用户
U00033,5,12,16193.27,2,高价值用户
U00034,130,8,2133.56,3,低价值用户
U00035,20,15,5918.47,2,高价值用户
U00036,1,10,23036.57,2,高价值用户
U00037,14,11,8653.38,2,高价值用户
U00038,6,8,26148.780000000002,2,高价值用户
U00039,11,13,9082.18,2,高价值用户
U00040,30,11,3359.2400000000002,2,高价值用户
U00041,16,13,13344.07,2,高价值用户
U00042,23,8,9575.73,2,高价值用户
U00043,18,12,9086.439999999999,2,高价值用户
U00044,24,9,15081.21,2,高价值用户
U00045,48,9,6421.48,2,高价值用户
U00046,44,12,7531.0,2,高价值用户
U00047,94,7,32698.37,2,高价值用户
U00048,24,8,2991.86,2,高价值用户
U00049,55,8,1465.93,2,高价值用户
U00050,184,7,1135.21,3,低价值用户
U00051,6,12,1925.24,2,高价值用户
U00052,147,9,3568.57,2,高价值用户
U00053,201,5,1395.17,3,低价值用户
U00054,109,5,351.09000000000003,3,低价值用户
U00055,1,14,6431.3,2,高价值用户
U00056,23,7,7809.18,2,高价值用户
U00057,15,8,6924.57,2,高价值用户
U00058,3,13,3548.15,2,高价值用户
U00059,17,6,10499.14,2,高价值用户
U00060,35,10,2961.78,2,高价值用户
U00061,12,6,514.12,1,潜力用户
U00062,158,9,1860.15,3,低价值用户
U00063,59,6,4511.69,2,高价值用户
U00064,23,7,2643.8700000000003,2,高价值用户
U00065,42,12,24014.070000000003,2,高价值用户
U00066,63,11,20397.219999999998,2,高价值用户
U00067,10,6,8986.24,2,高价值用户
U00068,36,9,2908.33,2,高价值用户
U00069,16,10,1665.55,2,高价值用户
U00070,151,7,3817.21,3,低价值用户
U00071,22,6,14392.699999999999,2,高价值用户
U00072,22,8,2844.3900000000003,2,高价值用户
U00073,17,7,1864.46,2,高价值用户
U00074,11,10,1253.7,2,高价值用户
U00075,52,8,8297.54,2,高价值用户
U00076,4,6,18041.43,2,高价值用户
U00077,63,17,24956.66,2,高价值用户
U00078,16,9,12079.320000000002,2,高价值用户
U00079,12,12,4482.1,2,高价值用户
U00080,29,5,420.75,1,潜力用户
U00081,45,9,1807.04,2,高价值用户
U00082,349,5,1855.3400000000001,3,低价值用户
U00083,199,8,17820.5,2,高价值用户
U00084,81,10,2824.22,2,高价值用户
U00085,14,7,2825.64,2,高价值用户
U00086,182,7,8487.36,3,低价值用户
U00087,65,9,5852.69,2,高价值用户
U00088,14,7,2051.89,2,高价值用户
U00089,188,5,261.74,3,低价值用户
U00090,90,7,471.22,3,低价值用户
U00091,14,8,5484.510000000001,2,高价值用户
U00092,24,8,1310.75,2,高价值用户
U00093,179,6,1868.29,3,低价值用户
U00094,18,6,1488.29,2,高价值用户
U00095,11,8,3842.59,2,高价值用户
U00096,89,9,4149.0,2,高价值用户
U00097,10,12,14801.54,2,高价值用户
U00098,14,6,661.9399999999999,2,高价值用户
U00099,3,6,3955.75,2,高价值用户
U00100,239,4,5789.45,3,低价值用户
U00101,64,7,5831.76,2,高价值用户
U00102,87,7,9231.460000000001,2,高价值用户
U00103,67,5,1806.13,3,低价值用户
U00104,26,9,15511.030000000002,2,高价值用户
U00105,64,3,949.71,3,低价值用户
U00106,53,8,2947.25,2,高价值用户
U00107,26,7,1092.08,2,高价值用户
U00108,18,11,1405.68,2,高价值用户
U00109,1,8,5250.870000000001,2,高价值用户
U00110,24,8,2327.56,2,高价值用户
U00111,29,3,357.1,1,潜力用户
U00112,16,8,2632.08,2,高价值用户
U00113,81,6,3285.27,2,高价值用户
U00114,44,5,889.49,1,潜力用户
U00115,54,10,6440.360000000001,2,高价值用户
U00116,12,6,18008.76,2,高价值用户
U00117,26,7,14523.939999999999,2,高价值用户
U00118,11,6,2633.7799999999997,2,高价值用户
U00119,49,6,1022.76,2,高价值用户
U00120,150,5,1420.02,3,低价值用户
U00121,22,11,4039.79,2,高价值用户
U00122,11,11,1685.07,2,高价值用户
U00123,14,5,886.82,1,潜力用户
U00124,173,4,1895.6699999999998,3,低价值用户
U00125,389,3,2197.94,3,低价值用户
U00126,149,5,6321.08,3,低价值用户
U00127,125,6,9050.23,3,低价值用户
U00128,17,6,3711.4300000000003,2,高价值用户
U00129,20,8,13674.76,2,高价值用户
U00130,21,1,290.71,1,潜力用户
U00131,15,8,4103.4,2,高价值用户
U00132,83,3,344.43,1,潜力用户
U00133,7,3,584.53,1,潜力用户
U00134,25,5,379.82,1,潜力用户
U00135,204,7,1939.74,3,低价值用户
U00136,22,11,3089.82,2,高价值用户
U00137,21,4,218.56,1,潜力用户
U00138,87,4,419.86,3,低价值用户
U00139,24,6,9595.339999999998,2,高价值用户
U00140,16,6,2795.58,2,高价值用户
U00141,184,6,1791.58,3,低价值用户
U00142,286,6,1664.26,3,低价值用户
U00143,69,6,2397.08,2,高价值用户
U00144,60,3,17223.22,3,低价值用户
U00145,94,6,7207.69,2,高价值用户
U00146,96,7,18975.559999999998,2,高价值用户
U00147,257,6,2265.19,3,低价值用户
U00148,24,9,2201.71,2,高价值用户
U00149,420,2,89.15,0,沉睡用户
U00150,33,4,23891.510000000002,2,高价值用户
U00151,239,3,427.33,3,低价值用户
U00152,50,1,100.94,0,沉睡用户
U00153,17,7,2579.3,2,高价值用户
U00155,17,7,1545.23,2,高价值用户
U00156,29,7,2008.74,2,高价值用户
U00157,26,6,2047.3899999999999,2,高价值用户
U00158,10,8,1748.38,2,高价值用户
U00159,67,8,1694.4400000000003,2,高价值用户
U00160,22,3,325.62,1,潜力用户
U00161,30,2,531.84,1,潜力用户
U00162,15,10,4420.85,2,高价值用户
U00163,13,8,1528.55,2,高价值用户
U00164,74,5,11698.39,2,高价值用户
U00165,160,5,1731.39,3,低价值用户
U00166,83,6,5164.99,2,高价值用户
U00167,17,8,7303.83,2,高价值用户
U00168,24,8,5109.3099999999995,2,高价值用户
U00169,247,6,1234.98,3,低价值用户
U00170,73,6,1225.0900000000001,3,低价值用户
U00171,14,6,13782.86,2,高价值用户
U00172,13,6,1091.8899999999999,2,高价值用户
U00173,62,6,1595.1,2,高价值用户
U00174,30,4,865.1400000000001,1,潜力用户
U00175,9,4,407.41,1,潜力用户
U00176,106,4,534.73,3,低价值用户
U00177,125,3,853.45,3,低价值用户
U00178,25,5,1640.09,2,高价值用户
U00179,24,6,1522.54,2,高价值用户
U00180,165,4,535.37,3,低价值用户
U00181,98,11,6036.35,2,高价值用户
U00182,19,4,1319.28,1,潜力用户
U00183,210,4,622.3,3,低价值用户
U00184,46,3,571.1,1,潜力用户
U00185,12,4,410.36,1,潜力用户
U00186,122,2,518.75,3,低价值用户
U00187,106,5,2980.44,3,低价值用户
U00188,46,6,1201.57,2,高价值用户
U00189,10,5,342.65999999999997,1,潜力用户
U00190,9,7,6634.54,2,高价值用户
U00191,60,4,2842.58,3,低价值用户
U00192,362,1,735.23,0,沉睡用户
U00193,33,6,2479.04,2,高价值用户
U00194,95,3,1745.81,3,低价值用户
U00195,187,2,323.46000000000004,0,沉睡用户
U00196,67,1,55.03,0,沉睡用户
U00197,26,12,1896.32,2,高价值用户
U00198,29,4,827.73,1,潜力用户
U00199,113,5,465.13000000000005,3,低价值用户
U00200,14,8,4114.92,2,高价值用户
U00201,12,9,2640.68,2,高价值用户
U00202,38,8,8482.26,2,高价值用户
U00203,52,5,4411.67,2,高价值用户
U00204,10,4,333.49,1,潜力用户
U00205,133,4,171.02,3,低价值用户
U00206,23,8,4832.389999999999,2,高价值用户
U00207,13,4,308.53000000000003,1,潜力用户
U00208,112,5,1758.6000000000001,3,低价值用户
U00209,99,5,4554.2,3,低价值用户
U00210,117,6,1607.47,3,低价值用户
U00211,29,2,99.67,1,潜力用户
U00212,15,3,2692.34,1,潜力用户
U00213,15,7,2502.09,2,高价值用户
U00214,17,5,861.66,1,潜力用户
U00215,71,6,834.36,3,低价值用户
U00216,77,2,51.79,0,沉睡用户
U00217,141,9,3125.71,2,高价值用户
U00218,57,4,6907.25,2,高价值用户
U00219,5,10,27711.899999999998,2,高价值用户
U00220,66,6,1819.3999999999999,2,高价值用户
U00221,40,2,158.31,1,潜力用户
U00222,57,3,1418.25,3,低价值用户
U00223,60,3,1624.22,3,低价值用户
U00224,54,7,4356.55,2,高价值用户
U00225,250,6,3026.23,3,低价值用户
U00226,178,2,485.87,3,低价值用户
U00227,15,6,4800.110000000001,2,高价值用户
U00228,12,6,10443.97,2,高价值用户
U00229,23,5,23842.28,2,高价值用户
U00230,235,3,1927.5,3,低价值用户
U00231,57,3,9006.21,3,低价值用户
U00232,156,5,13741.730000000001,3,低价值用户
U00233,16,6,1007.4499999999999,2,高价值用户
U00234,190,5,1027.99,3,低价值用户
U00235,301,1,357.66,0,沉睡用户
U00236,11,10,2286.77,2,高价值用户
U00237,120,5,3065.52,3,低价值用户
U00238,195,6,1230.69,3,低价值用户
U00239,172,6,640.6099999999999,3,低价值用户
U00240,386,2,6677.98,3,低价值用户
U00241,381,3,603.1800000000001,3,低价值用户
U00242,6,6,1880.58,2,高价值用户
U00243,92,5,787.28,3,低价值用户
U00244,146,4,3568.99,3,低价值用户
U00245,214,4,1266.68,3,低价值用户
U00246,29,3,190.61,1,潜力用户
U00247,16,5,751.53,1,潜力用户
U00248,7,6,1198.04,2,高价值用户
U00249,182,4,1106.61,3,低价值用户
U00250,3,6,1577.1499999999999,2,高价值用户
U00251,85,2,80.97,0,沉睡用户
U00252,29,4,3176.17,2,高价值用户
U00253,19,5,827.4,1,潜力用户
U00254,81,5,4771.23,3,低价值用户
U00255,81,5,2066.64,3,低价值用户
U00256,129,5,14073.230000000001,3,低价值用户
U00257,26,5,873.27,1,潜力用户
U00258,19,7,2714.52,2,高价值用户
U00259,129,4,1514.95,3,低价值用户
U00260,125,4,2755.06,3,低价值用户
U00261,208,5,583.01,3,低价值用户
U00262,27,6,20805.1,2,高价值用户
U00263,101,6,1778.78,3,低价值用户
U00264,16,10,3182.43,2,高价值用户
U00265,179,4,1478.15,3,低价值用户
U00266,21,6,1249.19,2,高价值用户
U00267,27,5,3271.29,2,高价值用户
U00268,78,1,29.36,0,沉睡用户
U00269,85,5,563.35,3,低价值用户
U00270,15,3,7582.67,2,高价值用户
U00271,157,4,572.62,3,低价值用户
U00272,47,8,14150.359999999999,2,高价值用户
U00273,136,4,274.51,3,低价值用户
U00274,38,3,7343.43,2,高价值用户
U00275,158,4,15561.460000000001,3,低价值用户
U00276,43,8,3744.79,2,高价值用户
U00277,25,5,1157.95,2,高价值用户
U00278,16,5,1038.1,2,高价值用户
U00279,16,5,6192.46,2,高价值用户
U00280,17,5,1168.81,2,高价值用户
U00281,102,3,1251.46,3,低价值用户
U00282,58,2,177.11,1,潜力用户
U00283,158,2,38.69,0,沉睡用户
U00284,1,6,24691.12,2,高价值用户
U00285,77,1,30.69,0,沉睡用户
U00286,238,1,10.41,0,沉睡用户
U00287,14,7,1559.36,2,高价值用户
U00288,31,6,3371.7700000000004,2,高价值用户
U00289,14,5,26605.32,2,高价值用户
U00290,16,1,33.34,1,潜力用户
U00291,157,5,3039.29,3,低价值用户
U00292,27,5,985.13,1,潜力用户
U00293,51,6,1936.1299999999999,2,高价值用户
U00294,15,5,16101.43,2,高价值用户
U00295,23,5,2180.16,2,高价值用户
U00296,235,6,2738.08,3,低价值用户
U00297,188,5,1737.14,3,低价值用户
U00298,56,5,16876.079999999998,2,高价值用户
U00299,54,3,5014.77,3,低价值用户
U00300,17,5,11052.759999999998,2,高价值用户
U00301,435,2,6946.740000000001,3,低价值用户
U00302,313,2,1495.12,3,低价值用户
U00303,231,3,1646.06,3,低价值用户
U00304,239,3,478.40000000000003,3,低价值用户
U00305,71,4,2746.9,3,低价值用户
U00306,19,6,5726.68,2,高价值用户
U00307,326,1,569.01,0,沉睡用户
U00308,20,4,2411.55,2,高价值用户
U00309,251,1,4.81,0,沉睡用户
U00310,11,4,138.68,1,潜力用户
U00311,20,8,3277.0,2,高价值用户
U00312,379,1,726.33,0,沉睡用户
U00313,318,1,271.83,0,沉睡用户
U00314,45,6,1555.24,2,高价值用户
U00315,224,2,1723.74,3,低价值用户
U00316,142,1,828.09,0,沉睡用户
U00317,188,3,855.47,3,低价值用户
U00318,235,2,629.35,3,低价值用户
U00319,151,5,1351.41,3,低价值用户
U00320,122,4,1212.11,3,低价值用户
U00321,505,1,100.33,0,沉睡用户
U00322,381,1,251.18,0,沉睡用户
U00323,99,3,252.75,3,低价值用户
U00324,13,6,1413.75,2,高价值用户
U00325,1,3,1151.6,1,潜力用户
U00326,292,3,475.02,3,低价值用户
U00327,17,7,777.61,2,高价值用户
U00328,15,5,2587.06,2,高价值用户
U00329,448,1,4352.96,3,低价值用户
U00330,13,5,2290.24,2,高价值用户
U00331,4,3,422.03,1,潜力用户
U00332,96,4,12698.539999999999,3,低价值用户
U00333,280,2,149.93,0,沉睡用户
U00334,115,6,804.46,3,低价值用户
U00335,18,4,653.25,1,潜力用户
U00336,213,3,423.75,3,低价值用户
U00337,14,3,884.95,1,潜力用户
U00338,14,5,1046.67,2,高价值用户
U00339,207,3,1322.57,3,低价值用户
U00340,28,1,65.08,0,沉睡用户
U00341,33,4,1328.34,1,潜力用户
U00342,86,1,18.95,0,沉睡用户
U00343,12,6,1850.1399999999999,2,高价值用户
U00344,16,3,231.2,1,潜力用户
U00345,29,4,305.47,1,潜力用户
U00346,11,7,10214.11,2,高价值用户
U00347,18,4,281.74,1,潜力用户
U00348,24,3,180.91,1,潜力用户
U00349,25,2,995.47,1,潜力用户
U00350,59,5,835.55,3,低价值用户
U00351,506,1,48.56,0,沉睡用户
U00352,102,2,1645.11,3,低价值用户
U00353,65,3,880.9499999999999,3,低价值用户
U00354,425,1,46.5,0,沉睡用户
U00355,76,4,937.5300000000001,3,低价值用户
U00356,139,6,5737.92,3,低价值用户
U00357,19,3,556.52,1,潜力用户
U00358,267,2,567.98,3,低价值用户
U00359,237,1,11.44,0,沉睡用户
U00360,150,6,1128.6799999999998,3,低价值用户
U00361,335,2,85.63000000000001,0,沉睡用户
U00362,190,1,15.23,0,沉睡用户
U00363,248,2,923.96,3,低价值用户
U00364,10,6,14086.81,2,高价值用户
U00365,445,1,109.89,0,沉睡用户
U00366,91,3,743.51,3,低价值用户
U00367,12,4,1996.3999999999999,2,高价值用户
U00368,20,8,21086.09,2,高价值用户
U00369,136,4,5070.57,3,低价值用户
U00370,1,6,2338.11,2,高价值用户
U00371,263,4,712.6,3,低价值用户
U00372,130,4,1579.91,3,低价值用户
U00373,350,6,3167.7900000000004,3,低价值用户
U00374,241,3,600.98,3,低价值用户
U00375,29,5,765.0600000000001,1,潜力用户
U00376,117,4,25805.1,3,低价值用户
U00377,10,3,1111.77,1,潜力用户
U00378,455,1,166.26,0,沉睡用户
U00379,104,2,213.0,0,沉睡用户
U00380,91,5,5957.26,3,低价值用户
U00382,72,4,206.67000000000002,1,潜力用户
U00383,22,4,2414.79,2,高价值用户
U00384,35,4,720.45,1,潜力用户
U00385,29,3,849.4000000000001,1,潜力用户
U00386,72,3,7783.49,3,低价值用户
U00387,125,3,800.5,3,低价值用户
U00388,73,2,1001.75,3,低价值用户
U00389,512,1,38.36,0,沉睡用户
U00390,124,3,849.9599999999999,3,低价值用户
U00391,158,3,261.94,3,低价值用户
U00392,60,3,489.09999999999997,1,潜力用户
U00393,129,5,1339.4199999999998,3,低价值用户
U00394,19,4,3433.62,2,高价值用户
U00395,356,2,54.150000000000006,0,沉睡用户
U00396,29,6,2382.88,2,高价值用户
U00398,26,5,1858.9099999999999,2,高价值用户
U00399,238,7,12215.81,3,低价值用户
U00400,15,2,120.14,1,潜力用户
U00401,201,2,245.92000000000002,0,沉睡用户
U00402,1,10,27491.239999999998,2,高价值用户
U00403,178,5,5576.76,3,低价值用户
U00404,22,4,638.09,1,潜力用户
U00405,169,3,864.6,3,低价值用户
U00406,224,3,8544.35,3,低价值用户
U00407,24,9,10007.03,2,高价值用户
U00408,15,3,208.72,1,潜力用户
U00409,32,2,32.68,1,潜力用户
U00410,107,5,6222.23,3,低价值用户
U00411,11,3,1735.63,1,潜力用户
U00412,18,6,4398.05,2,高价值用户
U00413,19,3,368.34000000000003,1,潜力用户
U00414,13,4,1016.8499999999999,1,潜力用户
U00415,263,2,786.9,3,低价值用户
U00416,515,1,90.32,0,沉睡用户
U00417,201,5,478.62,3,低价值用户
U00418,20,3,848.52,1,潜力用户
U00419,391,2,628.75,3,低价值用户
U00420,195,3,6214.589999999999,3,低价值用户
U00421,301,4,677.16,3,低价值用户
U00422,12,4,1005.86,1,潜力用户
U00423,273,3,329.1,3,低价值用户
U00424,59,2,92.19,0,沉睡用户
U00425,95,4,3521.6200000000003,3,低价值用户
U00426,29,3,312.87,1,潜力用户
U00427,86,4,18289.81,3,低价值用户
U00428,50,1,103.14,0,沉睡用户
U00429,60,3,995.0899999999999,1,潜力用户
U00430,14,3,1438.73,1,潜力用户
U00431,174,8,16771.16,2,高价值用户
U00432,9,6,1257.22,2,高价值用户
U00433,12,3,471.14,1,潜力用户
U00434,343,2,3936.8999999999996,3,低价值用户
U00435,44,4,2918.42,2,高价值用户
U00436,385,2,581.55,3,低价值用户
U00437,105,8,3951.47,2,高价值用户
U00439,120,3,2531.39,3,低价值用户
U00440,278,3,641.04,3,低价值用户
U00441,21,4,1079.45,1,潜力用户
U00442,40,7,1244.17,2,高价值用户
U00443,195,4,313.81,3,低价值用户
U00444,25,7,2414.85,2,高价值用户
U00445,359,5,7658.700000000001,3,低价值用户
U00446,33,3,1190.55,1,潜力用户
U00447,225,2,2748.06,3,低价值用户
U00448,15,5,9033.36,2,高价值用户
U00449,14,3,2146.58,1,潜力用户
U00450,80,5,352.69,3,低价值用户
U00451,98,5,1982.1100000000001,3,低价值用户
U00452,326,2,36.03,0,沉睡用户
U00453,324,2,996.8700000000001,3,低价值用户
U00454,128,5,8011.539999999999,3,低价值用户
U00455,90,3,7243.54,3,低价值用户
U00456,22,4,2143.91,2,高价值用户
U00457,16,6,14791.420000000002,2,高价值用户
U00458,213,5,3264.66,3,低价值用户
U00459,42,1,210.96,0,沉睡用户
U00460,60,7,1352.47,2,高价值用户
U00461,248,4,2202.36,3,低价值用户
U00462,11,4,2958.55,2,高价值用户
U00463,340,1,970.25,0,沉睡用户
U00464,52,5,1440.09,2,高价值用户
U00465,18,9,3644.4900000000002,2,高价值用户
U00467,27,2,280.7,1,潜力用户
U00468,42,4,2565.29,2,高价值用户
U00469,73,3,186.07999999999998,1,潜力用户
U00470,310,2,144.66,0,沉睡用户
U00471,5,4,2188.7200000000003,2,高价值用户
U00472,13,6,11301.87,2,高价值用户
U00473,302,3,1198.05,3,低价值用户
U00474,309,4,886.34,3,低价值用户
U00475,382,1,568.6,0,沉睡用户
U00477,41,4,166.07,1,潜力用户
U00478,28,4,5635.38,2,高价值用户
U00479,13,3,1030.33,1,潜力用户
U00480,58,2,67.75,0,沉睡用户
U00481,207,2,1489.52,3,低价值用户
U00482,35,4,372.14,1,潜力用户
U00483,247,2,94.00999999999999,0,沉睡用户
U00484,350,3,306.58,3,低价值用户
U00485,295,4,620.78,3,低价值用户
U00486,198,4,609.09,3,低价值用户
U00487,311,6,8354.039999999999,3,低价值用户
U00488,64,2,228.82,1,潜力用户
U00489,76,6,689.37,3,低价值用户
U00490,140,4,1613.5400000000002,3,低价值用户
U00491,127,4,538.16,3,低价值用户
U00492,481,1,281.27,0,沉睡用户
U00493,23,5,13591.009999999998,2,高价值用户
U00494,88,4,562.1800000000001,3,低价值用户
U00495,14,4,754.35,1,潜力用户
U00496,111,4,2731.21,3,低价值用户
U00497,47,3,2595.5,3,低价值用户
U00498,4,5,1431.97,2,高价值用户
U00499,146,1,29.76,0,沉睡用户
U00500,112,3,689.55,3,低价值用户
U00501,78,2,374.53,1,潜力用户
U00502,16,4,123.99000000000001,1,潜力用户
U00503,71,4,23710.74,2,高价值用户
U00504,21,2,1368.2,1,潜力用户
U00505,15,5,6733.96,2,高价值用户
U00506,27,7,29468.05,2,高价值用户
U00507,196,4,14924.199999999999,3,低价值用户
U00508,94,4,9643.99,3,低价值用户
U00509,93,4,1461.49,3,低价值用户
U00510,395,2,764.0899999999999,3,低价值用户
U00511,27,3,8205.82,2,高价值用户
U00512,12,4,783.99,1,潜力用户
U00513,27,2,239.85999999999999,1,潜力用户
U00514,56,4,4272.29,3,低价值用户
U00515,18,6,3053.36,2,高价值用户
U00516,26,3,6536.09,2,高价值用户
U00517,170,3,1067.5,3,低价值用户
U00518,15,5,932.4399999999999,1,潜力用户
U00519,48,4,240.15,1,潜力用户
U00520,39,2,49.89,1,潜力用户
U00521,189,4,6368.46,3,低价值用户
U00522,82,3,2474.53,3,低价值用户
U00523,53,4,279.43,1,潜力用户
U00524,247,3,1812.99,3,低价值用户
U00526,24,1,2147.28,1,潜力用户
U00527,288,1,78.93,0,沉睡用户
U00528,15,4,480.05,1,潜力用户
U00529,327,5,1078.59,3,低价值用户
U00531,493,1,60.17,0,沉睡用户
U00532,408,1,192.04,0,沉睡用户
U00533,103,4,3020.83,3,低价值用户
U00534,5,6,4760.78,2,高价值用户
U00535,454,1,44.55,0,沉睡用户
U00536,352,3,565.85,3,低价值用户
U00537,20,3,567.15,1,潜力用户
U00538,231,4,1468.69,3,低价值用户
U00539,260,3,3573.52,3,低价值用户
U00540,190,1,6.01,0,沉睡用户
U00541,107,6,512.9000000000001,3,低价值用户
U00542,156,5,579.6800000000001,3,低价值用户
U00543,12,3,10041.96,2,高价值用户
U00545,23,6,2630.48,2,高价值用户
U00546,380,1,70.22,0,沉睡用户
U00547,34,5,13732.210000000001,2,高价值用户
U00548,21,4,1580.66,1,潜力用户
U00549,110,3,165.88,0,沉睡用户
U00550,28,5,16472.25,2,高价值用户
U00551,26,4,409.5,1,潜力用户
U00552,13,2,1270.8300000000002,1,潜力用户
U00553,22,1,9231.62,1,潜力用户
U00554,50,2,175.32,1,潜力用户
U00555,135,7,1216.02,3,低价值用户
U00556,160,2,1668.59,3,低价值用户
U00557,427,1,56.2,0,沉睡用户
U00558,223,3,950.5600000000001,3,低价值用户
U00559,131,6,10890.0,3,低价值用户
U00560,39,2,179.6,1,潜力用户
U00561,24,5,4464.469999999999,2,高价值用户
U00562,11,4,8634.94,2,高价值用户
U00563,171,2,327.98,0,沉睡用户
U00564,130,6,2339.69,3,低价值用户
U00565,60,5,385.84,1,潜力用户
U00566,252,4,5179.04,3,低价值用户
U00567,74,5,224.41,1,潜力用户
U00568,381,2,160.14000000000001,0,沉睡用户
U00569,47,4,2520.75,3,低价值用户
U00570,170,3,2165.29,3,低价值用户
U00571,237,2,68.78999999999999,0,沉睡用户
U00572,311,3,2638.4200000000005,3,低价值用户
U00573,60,2,255.56,1,潜力用户
U00574,73,4,185.68,1,潜力用户
U00575,30,4,791.0,1,潜力用户
U00576,103,3,652.0799999999999,3,低价值用户
U00577,24,6,15451.68,2,高价值用户
U00578,365,1,25.68,0,沉睡用户
U00579,15,2,321.59,1,潜力用户
U00580,90,2,3289.21,3,低价值用户
U00581,30,3,1493.04,1,潜力用户
U00582,8,3,2179.74,1,潜力用户
U00583,95,4,838.27,3,低价值用户
U00584,231,3,112.69,0,沉睡用户
U00585,176,2,116.5,0,沉睡用户
U00586,474,1,751.8,0,沉睡用户
U00587,218,4,926.8199999999999,3,低价值用户
U00588,79,2,852.8399999999999,3,低价值用户
U00589,82,7,5493.88,2,高价值用户
U00590,3,5,4932.9800000000005,2,高价值用户
U00591,337,3,234.73999999999998,0,沉睡用户
U00592,17,5,14228.03,2,高价值用户
U00593,25,4,192.76,1,潜力用户
U00594,471,1,67.81,0,沉睡用户
U00595,10,7,11297.43,2,高价值用户
U00596,248,4,1015.9,3,低价值用户
U00597,228,1,456.28,0,沉睡用户
U00598,29,3,359.69,1,潜力用户
U00599,371,2,911.27,3,低价值用户
U00600,316,1,215.01,0,沉睡用户
U00601,39,6,10107.859999999999,2,高价值用户
U00602,337,2,2548.03,3,低价值用户
U00603,146,1,81.57,0,沉睡用户
U00604,330,1,27.55,0,沉睡用户
U00605,186,2,31.419999999999998,0,沉睡用户
U00606,13,4,1233.53,1,潜力用户
U00607,347,1,34.24,0,沉睡用户
U00608,101,5,2822.98,3,低价值用户
U00609,24,4,4758.1,2,高价值用户
U00610,27,5,2422.66,2,高价值用户
U00611,264,1,23.18,0,沉睡用户
U00612,15,7,2008.11,2,高价值用户
U00613,487,1,164.8,0,沉睡用户
U00614,21,8,2546.9,2,高价值用户
U00615,98,1,12.61,0,沉睡用户
U00616,19,3,405.39,1,潜力用户
U00617,204,4,11118.000000000002,3,低价值用户
U00618,84,3,284.23,1,潜力用户
U00619,382,2,250.52,0,沉睡用户
U00620,19,3,301.73,1,潜力用户
U00621,476,1,2326.89,3,低价值用户
U00622,20,1,617.98,1,潜力用户
U00623,251,4,3090.7799999999997,3,低价值用户
U00624,30,4,2376.3399999999997,2,高价值用户
U00625,2,6,10528.269999999999,2,高价值用户
U00626,29,2,1326.3899999999999,1,潜力用户
U00627,243,2,805.09,3,低价值用户
U00628,420,1,30.12,0,沉睡用户
U00629,155,4,1104.8899999999999,3,低价值用户
U00630,29,1,6.19,0,沉睡用户
U00631,182,2,931.7800000000001,3,低价值用户
U00632,281,2,675.59,3,低价值用户
U00634,241,2,61.2,0,沉睡用户
U00635,228,2,570.24,3,低价值用户
U00636,439,3,1225.6299999999999,3,低价值用户
U00637,39,4,275.99,1,潜力用户
U00640,287,4,842.8399999999999,3,低价值用户
U00641,18,1,15.87,0,沉睡用户
U00642,378,3,288.73,3,低价值用户
U00643,117,3,550.12,3,低价值用户
U00644,12,3,308.15,1,潜力用户
U00645,13,2,125.09,1,潜力用户
U00647,265,4,1070.43,3,低价值用户
U00648,12,5,26230.079999999998,2,高价值用户
U00649,42,6,856.65,2,高价值用户
U00650,196,3,111.87,0,沉睡用户
U00651,335,3,15837.96,3,低价值用户
U00652,248,5,529.36,3,低价值用户
U00655,2,6,2029.05,2,高价值用户
U00656,17,7,1504.3899999999999,2,高价值用户
U00657,144,4,7041.57,3,低价值用户
U00658,44,4,886.3900000000001,1,潜力用户
U00659,71,8,35680.19,2,高价值用户
U00660,22,4,2450.26,2,高价值用户
U00661,92,5,11898.07,2,高价值用户
U00662,79,4,2635.89,3,低价值用户
U00663,222,3,275.58,3,低价值用户
U00664,23,4,410.79,1,潜力用户
U00665,2,2,694.9,1,潜力用户
U00666,19,3,73.87,1,潜力用户
U00668,43,2,643.85,1,潜力用户
U00669,274,2,144.26,0,沉睡用户
U00670,21,1,1538.97,1,潜力用户
U00671,13,2,601.7199999999999,1,潜力用户
U00672,11,4,3913.4300000000003,2,高价值用户
U00673,180,1,64.56,0,沉睡用户
U00674,269,4,1049.0700000000002,3,低价值用户
U00675,128,4,1161.63,3,低价值用户
U00676,13,4,647.21,1,潜力用户
U00677,51,7,724.5,2,高价值用户
U00678,57,3,446.4,1,潜力用户
U00679,128,4,1545.17,3,低价值用户
U00680,458,2,218.66000000000003,0,沉睡用户
U00681,21,5,3573.64,2,高价值用户
U00682,6,3,15830.34,2,高价值用户
U00684,346,1,17.26,0,沉睡用户
U00685,201,3,10227.650000000001,3,低价值用户
U00686,1,6,1835.09,2,高价值用户
U00687,18,3,832.84,1,潜力用户
U00688,104,4,975.75,3,低价值用户
U00689,229,2,114.62,0,沉睡用户
U00690,310,1,44.24,0,沉睡用户
U00691,233,4,1572.6,3,低价值用户
U00692,194,1,11.52,0,沉睡用户
U00693,163,2,873.3199999999999,3,低价值用户
U00694,64,4,870.44,3,低价值用户
U00695,159,4,1988.6,3,低价值用户
U00696,308,5,15886.73,3,低价值用户
U00697,90,1,356.3,0,沉睡用户
U00698,5,1,203.03,1,潜力用户
U00699,12,4,681.2,1,潜力用户
U00700,16,3,536.51,1,潜力用户
U00701,220,3,169.72000000000003,0,沉睡用户
U00702,192,1,72.94,0,沉睡用户
U00703,21,3,1128.97,1,潜力用户
U00705,235,1,15.93,0,沉睡用户
U00706,460,1,43.62,0,沉睡用户
U00708,19,2,880.22,1,潜力用户
U00709,27,1,511.01,1,潜力用户
U00710,17,6,667.97,2,高价值用户
U00711,222,1,206.34,0,沉睡用户
U00712,513,1,1276.38,0,沉睡用户
U00713,229,3,308.96999999999997,3,低价值用户
U00714,10,5,1483.4,2,高价值用户
U00715,162,3,383.40000000000003,3,低价值用户
U00716,213,3,3926.78,3,低价值用户
U00717,47,4,1686.79,1,潜力用户
U00718,476,1,476.4,0,沉睡用户
U00719,57,1,27.92,0,沉睡用户
U00720,15,4,305.73,1,潜力用户
U00721,28,4,1059.1,1,潜力用户
U00722,39,2,247.35000000000002,1,潜力用户
U00723,94,4,423.34999999999997,3,低价值用户
U00724,169,2,430.61,0,沉睡用户
U00725,36,4,1785.48,1,潜力用户
U00727,116,1,301.67,0,沉睡用户
U00728,68,5,38521.36,2,高价值用户
U00729,15,4,1417.15,1,潜力用户
U00730,307,2,266.61,0,沉睡用户
U00731,128,4,1048.8700000000001,3,低价值用户
U00732,19,4,1138.76,1,潜力用户
U00733,97,6,1157.07,3,低价值用户
U00734,111,4,589.65,3,低价值用户
U00735,375,3,333.77,3,低价值用户
U00736,251,2,170.29999999999998,0,沉睡用户
U00737,173,5,2669.74,3,低价值用户
U00738,61,1,14.53,0,沉睡用户
U00739,239,1,164.49,0,沉睡用户
U00740,115,4,756.35,3,低价值用户
U00741,296,3,2234.17,3,低价值用户
U00742,21,6,1303.26,2,高价值用户
U00743,117,2,596.19,3,低价值用户
U00744,16,6,627.9399999999999,2,高价值用户
U00745,253,3,465.84000000000003,3,低价值用户
U00746,257,4,1745.29,3,低价值用户
U00747,53,2,1699.31,1,潜力用户
U00748,16,2,11702.789999999999,1,潜力用户
U00749,28,2,95.58,1,潜力用户
U00750,334,2,341.53999999999996,0,沉睡用户
U00751,87,3,624.9,3,低价值用户
U00752,398,1,1460.59,0,沉睡用户
U00753,12,5,1366.7199999999998,2,高价值用户
U00754,59,1,5.84,0,沉睡用户
U00755,427,1,49.77,0,沉睡用户
U00756,34,5,1686.63,2,高价值用户
U00757,17,4,21155.41,2,高价值用户
U00758,66,4,1836.4700000000003,3,低价值用户
U00759,158,4,923.74,3,低价值用户
U00760,21,2,508.53999999999996,1,潜力用户
U00761,21,4,949.44,1,潜力用户
U00762,319,2,1583.1299999999999,3,低价值用户
U00763,284,2,334.51,0,沉睡用户
U00764,466,1,390.78,0,沉睡用户
U00765,104,2,482.64,3,低价值用户
U00766,384,1,413.34,0,沉睡用户
U00767,17,5,936.47,1,潜力用户
U00768,17,4,522.02,1,潜力用户
U00769,242,1,19.06,0,沉睡用户
U00770,94,2,607.3800000000001,3,低价值用户
U00771,192,2,534.84,3,低价值用户
U00772,232,3,4798.99,3,低价值用户
U00773,148,3,453.82000000000005,3,低价值用户
U00774,35,3,1028.32,1,潜力用户
U00775,224,1,173.42,0,沉睡用户
U00776,38,7,1380.5,2,高价值用户
U00777,14,4,357.55,1,潜力用户
U00778,314,1,30.14,0,沉睡用户
U00779,285,2,989.01,3,低价值用户
U00780,187,4,895.55,3,低价值用户
U00781,75,3,5867.2699999999995,3,低价值用户
U00782,136,1,113.22,0,沉睡用户
U00783,9,5,2042.25,2,高价值用户
U00784,20,1,464.88,1,潜力用户
U00785,66,8,10822.1,2,高价值用户
U00786,49,3,1181.46,1,潜力用户
U00787,27,4,3753.29,2,高价值用户
U00789,107,4,1888.45,3,低价值用户
U00790,233,2,121.38,0,沉睡用户
U00791,66,3,10759.720000000001,3,低价值用户
U00792,28,4,4120.21,2,高价值用户
U00793,437,1,8.07,0,沉睡用户
U00794,29,3,325.77,1,潜力用户
U00795,333,2,995.69,3,低价值用户
U00796,58,3,1595.3,3,低价值用户
U00797,73,8,3110.2,2,高价值用户
U00798,333,1,109.79,0,沉睡用户
U00799,253,2,207.03,0,沉睡用户
U00800,239,3,701.07,3,低价值用户
U00801,13,6,7373.55,2,高价值用户
U00803,28,5,1475.25,2,高价值用户
U00804,134,2,226.2,0,沉睡用户
U00805,29,3,293.45000000000005,1,潜力用户
U00807,255,1,12388.72,3,低价值用户
U00808,419,1,51.36,0,沉睡用户
U00809,130,2,351.99,0,沉睡用户
U00810,148,4,87.82,0,沉睡用户
U00811,319,1,884.44,0,沉睡用户
U00812,223,7,979.79,3,低价值用户
U00813,52,3,114.32000000000001,1,潜力用户
U00814,26,1,21.77,0,沉睡用户
U00816,43,1,87.43,0,沉睡用户
U00817,273,1,639.63,0,沉睡用户
U00818,110,2,924.1300000000001,3,低价值用户
U00819,96,3,382.12,3,低价值用户
U00820,162,2,263.09,0,沉睡用户
U00821,263,5,3416.9,3,低价值用户
U00822,389,1,1679.34,3,低价值用户
U00823,15,3,1544.0400000000002,1,潜力用户
U00824,31,4,1128.4299999999998,1,潜力用户
U00825,60,2,1023.35,1,潜力用户
U00826,327,3,376.82,3,低价值用户
U00827,387,2,13688.24,3,低价值用户
U00828,296,2,11137.93,3,低价值用户
U00829,313,3,1354.38,3,低价值用户
U00830,373,2,114.08,0,沉睡用户
U00831,13,4,279.76,1,潜力用户
U00832,513,1,12548.25,3,低价值用户
U00833,145,1,73.7,0,沉睡用户
U00834,528,1,12.85,0,沉睡用户
U00835,459,2,47.28,0,沉睡用户
U00836,16,3,238.53000000000003,1,潜力用户
U00837,125,3,38.79,0,沉睡用户
U00838,27,4,1268.51,1,潜力用户
U00839,124,4,1540.43,3,低价值用户
U00840,6,4,3129.5299999999997,2,高价值用户
U00842,53,3,1665.47,3,低价值用户
U00843,134,2,198.85,0,沉睡用户
U00844,179,1,62.56,0,沉睡用户
U00845,24,4,4754.36,2,高价值用户
U00846,33,1,39.8,0,沉睡用户
U00847,15,5,2172.39,2,高价值用户
U00848,54,3,230.01000000000002,1,潜力用户
U00849,171,1,1025.59,0,沉睡用户
U00850,90,4,7384.13,3,低价值用户
U00851,525,1,1081.2,0,沉睡用户
U00852,73,3,157.3,1,潜力用户
U00855,65,4,1972.11,3,低价值用户
U00856,298,1,165.84,0,沉睡用户
U00857,27,2,429.21999999999997,1,潜力用户
U00858,79,1,49.38,0,沉睡用户
U00859,110,4,718.05,3,低价值用户
U00860,24,5,458.23,1,潜力用户
U00861,71,4,182.49,1,潜力用户
U00862,237,5,1496.26,3,低价值用户
U00863,187,2,34.05,0,沉睡用户
U00864,116,2,54.75,0,沉睡用户
U00865,295,1,133.18,0,沉睡用户
U00866,187,5,20551.91,3,低价值用户
U00867,421,1,15.88,0,沉睡用户
U00868,23,7,8804.58,2,高价值用户
U00869,58,2,491.7,1,潜力用户
U00870,43,7,2672.0699999999997,2,高价值用户
U00871,17,4,3098.49,2,高价值用户
U00872,95,5,7083.89,3,低价值用户
U00873,365,4,1004.6700000000001,3,低价值用户
U00874,504,1,38.01,0,沉睡用户
U00875,66,2,870.0600000000001,1,潜力用户
U00876,275,3,4678.75,3,低价值用户
U00877,228,5,6221.900000000001,3,低价值用户
U00878,19,5,1037.0,1,潜力用户
U00880,20,2,3495.8199999999997,1,潜力用户
U00881,521,1,31.62,0,沉睡用户
U00882,45,3,3503.44,3,低价值用户
U00883,109,3,929.6800000000001,3,低价值用户
U00884,108,5,1101.98,3,低价值用户
U00885,422,3,474.15,3,低价值用户
U00886,439,2,816.69,3,低价值用户
U00887,18,3,404.15,1,潜力用户
U00888,310,3,2412.4300000000003,3,低价值用户
U00889,36,1,112.72,0,沉睡用户
U00890,136,1,1494.16,3,低价值用户
U00891,151,3,958.3499999999999,3,低价值用户
U00892,240,3,227.39000000000001,0,沉睡用户
U00893,235,5,5048.74,3,低价值用户
U00894,263,3,38.540000000000006,0,沉睡用户
U00895,525,1,269.62,0,沉睡用户
U00896,90,2,1071.94,3,低价值用户
U00897,18,2,303.58000000000004,1,潜力用户
U00898,238,3,1161.01,3,低价值用户
U00900,34,4,521.11,1,潜力用户
U00901,160,3,511.29,3,低价值用户
U00902,83,1,31.16,0,沉睡用户
U00903,432,2,2113.58,3,低价值用户
U00904,309,3,12518.51,3,低价值用户
U00905,11,5,726.1,1,潜力用户
U00906,99,5,1258.34,3,低价值用户
U00907,97,3,517.13,3,低价值用户
U00909,313,1,260.39,0,沉睡用户
U00910,24,3,497.18,1,潜力用户
U00912,387,3,1922.13,3,低价值用户
U00913,173,2,1301.52,3,低价值用户
U00914,168,4,1158.8799999999999,3,低价值用户
U00915,354,3,192.3,0,沉睡用户
U00916,544,1,113.79,0,沉睡用户
U00917,234,2,291.22,0,沉睡用户
U00918,326,2,12521.44,3,低价值用户
U00919,19,4,649.0999999999999,1,潜力用户
U00920,53,2,633.96,1,潜力用户
U00921,38,4,520.65,1,潜力用户
U00922,10,2,370.96000000000004,1,潜力用户
U00923,135,3,563.16,3,低价值用户
U00924,190,1,44.18,0,沉睡用户
U00925,387,2,4744.62,3,低价值用户
U00926,2,2,234.74,1,潜力用户
U00927,13,3,205.44,1,潜力用户
U00928,28,5,2899.8199999999997,2,高价值用户
U00929,394,1,277.96,0,沉睡用户
U00930,21,2,978.3199999999999,1,潜力用户
U00931,67,4,566.92,1,潜力用户
U00932,346,2,891.87,3,低价值用户
U00933,321,2,1118.85,3,低价值用户
U00934,140,4,2124.29,3,低价值用户
U00935,15,2,940.6899999999999,1,潜力用户
U00936,33,4,7995.34,2,高价值用户
U00937,98,4,197.89,3,低价值用户
U00938,379,1,902.87,0,沉睡用户
U00939,83,6,1448.6899999999998,3,低价值用户
U00940,103,4,1384.43,3,低价值用户
U00942,122,2,327.27,0,沉睡用户
U00943,154,4,515.09,3,低价值用户
U00945,11,4,1717.2700000000002,1,潜力用户
U00946,149,4,2602.62,3,低价值用户
U00947,59,5,1293.83,3,低价值用户
U00948,284,1,204.0,0,沉睡用户
U00949,207,2,40.66,0,沉睡用户
U00950,226,1,13.94,0,沉睡用户
U00951,387,3,418.59,3,低价值用户
U00952,9,1,442.22,1,潜力用户
U00953,387,1,345.17,0,沉睡用户
U00954,321,2,403.41,0,沉睡用户
U00955,513,1,307.03,0,沉睡用户
U00956,30,3,1776.38,1,潜力用户
U00957,231,3,4608.29,3,低价值用户
U00958,201,2,742.74,3,低价值用户
U00959,411,1,127.95,0,沉睡用户
U00960,166,1,23.44,0,沉睡用户
U00961,19,5,712.94,1,潜力用户
U00963,18,3,430.19,1,潜力用户
U00964,227,2,127.97999999999999,0,沉睡用户
U00965,276,2,970.65,3,低价值用户
U00966,152,2,4241.349999999999,3,低价值用户
U00967,305,2,290.94,0,沉睡用户
U00968,57,4,356.52,1,潜力用户
U00969,16,2,139.57999999999998,1,潜力用户
U00970,78,3,203.3,1,潜力用户
U00971,472,2,65.64,0,沉睡用户
U00972,423,2,547.05,3,低价值用户
U00973,113,2,121.89,0,沉睡用户
U00974,446,1,329.51,0,沉睡用户
U00975,28,2,19.65,1,潜力用户
U00976,12,5,1507.44,2,高价值用户
U00977,60,1,83.26,0,沉睡用户
U00978,541,1,348.74,0,沉睡用户
U00979,54,3,1699.06,3,低价值用户
U00980,11,4,988.25,1,潜力用户
U00981,102,1,137.82,0,沉睡用户
U00982,307,1,29.72,0,沉睡用户
U00983,325,2,12111.74,3,低价值用户
U00984,368,1,18.99,0,沉睡用户
U00985,390,1,2320.06,3,低价值用户
U00987,394,1,398.66,0,沉睡用户
U00989,62,4,5352.5,3,低价值用户
U00990,217,3,496.3,3,低价值用户
U00991,471,2,2125.81,3,低价值用户
U00992,25,7,571.1800000000001,2,高价值用户
U00993,5,2,524.24,1,潜力用户
U00994,239,2,302.77,0,沉睡用户
U00995,253,1,5556.84,3,低价值用户
U00996,99,2,113.03,0,沉睡用户
U00997,306,1,1237.01,0,沉睡用户
U00998,459,1,174.82,0,沉睡用户
U00999,18,5,1083.28,2,高价值用户
U01001,60,2,120.02000000000001,0,沉睡用户
U01002,92,3,141.46,0,沉睡用户
U01003,213,3,608.35,3,低价值用户
U01004,25,6,1224.3400000000001,2,高价值用户
U01005,11,2,946.92,1,潜力用户
U01006,170,3,473.39000000000004,3,低价值用户
U01007,147,3,187.71,0,沉睡用户
U01008,203,4,1967.6499999999999,3,低价值用户
U01009,376,1,938.69,0,沉睡用户
U01010,128,3,251.51,3,低价值用户
U01011,188,1,801.62,0,沉睡用户
U01012,152,1,35.37,0,沉睡用户
U01013,232,2,27960.91,3,低价值用户
U01015,8,2,316.96,1,潜力用户
U01016,231,2,12250.230000000001,3,低价值用户
U01017,99,2,117.12,0,沉睡用户
U01019,140,3,4086.52,3,低价值用户
U01020,2,6,5260.95,2,高价值用户
U01021,94,3,440.69,3,低价值用户
U01022,119,4,3189.42,3,低价值用户
U01023,331,3,2821.4100000000003,3,低价值用户
U01024,231,2,12781.57,3,低价值用户
U01025,538,1,52.82,0,沉睡用户
U01026,401,1,251.34,0,沉睡用户
U01027,231,3,286.76,3,低价值用户
U01028,399,2,383.2,0,沉睡用户
U01029,47,2,280.51,1,潜力用户
U01030,99,2,280.82,0,沉睡用户
U01031,137,3,3447.28,3,低价值用户
U01032,381,1,61.9,0,沉睡用户
U01033,101,2,163.01,0,沉睡用户
U01034,73,2,89.78,0,沉睡用户
U01035,338,1,67.9,0,沉睡用户
U01036,27,4,813.13,1,潜力用户
U01037,69,4,2511.77,3,低价值用户
U01038,15,4,761.4100000000001,1,潜力用户
U01039,206,1,3.39,0,沉睡用户
U01040,431,2,837.14,3,低价值用户
U01041,237,1,1722.45,3,低价值用户
U01042,42,5,2874.09,2,高价值用户
U01043,16,3,20220.04,2,高价值用户
U01045,124,4,411.08000000000004,3,低价值用户
U01046,18,1,21.03,0,沉睡用户
U01047,18,3,1347.18,1,潜力用户
U01048,389,1,869.49,0,沉睡用户
U01049,10,2,374.98999999999995,1,潜力用户
U01051,163,4,1620.46,3,低价值用户
U01052,207,5,4599.68,3,低价值用户
U01053,335,2,1022.63,3,低价值用户
U01055,27,3,172.40999999999997,1,潜力用户
U01056,169,3,507.55,3,低价值用户
U01057,256,1,233.59,0,沉睡用户
U01058,67,3,482.33,1,潜力用户
U01060,249,1,2079.66,3,低价值用户
U01061,29,4,2051.47,1,潜力用户
U01062,263,2,698.4,3,低价值用户
U01063,28,3,130.14,1,潜力用户
U01064,65,3,500.82,1,潜力用户
U01065,13,3,507.05,1,潜力用户
U01068,18,1,7988.76,1,潜力用户
U01069,15,3,689.8699999999999,1,潜力用户
U01070,58,1,95.15,0,沉睡用户
U01071,8,3,3128.47,1,潜力用户
U01072,232,2,557.34,3,低价值用户
U01073,210,1,376.76,0,沉睡用户
U01074,325,2,229.8,0,沉睡用户
U01075,40,3,247.62,1,潜力用户
U01076,531,1,90.17,0,沉睡用户
U01077,374,3,967.99,3,低价值用户
U01078,127,2,358.01,0,沉睡用户
U01079,23,1,1313.93,1,潜力用户
U01081,147,4,604.3100000000001,3,低价值用户
U01082,20,1,374.75,1,潜力用户
U01083,5,3,2972.13,1,潜力用户
U01084,17,3,865.33,1,潜力用户
U01086,166,2,4529.41,3,低价值用户
U01087,241,1,58.8,0,沉睡用户
U01089,3,5,663.0699999999999,1,潜力用户
U01090,54,4,2273.52,3,低价值用户
U01091,104,2,74.92999999999999,0,沉睡用户
U01092,24,6,1615.02,2,高价值用户
U01093,35,3,446.82000000000005,1,潜力用户
U01094,4,5,2037.0100000000002,2,高价值用户
U01095,155,3,359.27,3,低价值用户
U01096,350,1,4561.59,3,低价值用户
U01097,75,4,300.12,1,潜力用户
U01098,30,1,4.92,0,沉睡用户
U01099,310,4,985.23,3,低价值用户
U01100,148,2,14594.79,3,低价值用户
U01101,11,6,2232.54,2,高价值用户
U01102,322,1,159.9,0,沉睡用户
U01103,543,1,10.48,0,沉睡用户
U01104,391,2,564.06,3,低价值用户
U01105,12,4,637.25,1,潜力用户
U01106,21,3,621.98,1,潜力用户
U01107,236,5,1179.2099999999998,3,低价值用户
U01108,186,1,51.06,0,沉睡用户
U01109,234,1,192.0,0,沉睡用户
U01110,225,3,2097.0299999999997,3,低价值用户
U01111,8,4,4887.0,2,高价值用户
U01112,169,2,750.4000000000001,3,低价值用户
U01113,90,3,366.84000000000003,3,低价值用户
U01114,12,3,1256.25,1,潜力用户
U01115,140,2,388.32000000000005,0,沉睡用户
U01116,22,3,6074.17,2,高价值用户
U01117,266,4,907.97,3,低价值用户
U01118,332,5,9997.75,3,低价值用户
U01119,20,4,380.32000000000005,1,潜力用户
U01121,223,2,701.23,3,低价值用户
U01122,12,5,6612.95,2,高价值用户
U01123,326,4,24354.350000000002,3,低价值用户
U01124,263,2,2234.17,3,低价值用户
U01126,26,3,1229.8000000000002,1,潜力用户
U01127,7,5,1814.6399999999999,2,高价值用户
U01128,21,3,183.89999999999998,1,潜力用户
U01129,143,2,1405.4599999999998,3,低价值用户
U01130,156,3,676.67,3,低价值用户
U01131,442,2,3748.84,3,低价值用户
U01132,32,2,354.42999999999995,1,潜力用户
U01133,272,2,1112.95,3,低价值用户
U01134,37,2,1095.21,1,潜力用户
U01135,24,5,435.01,1,潜力用户
U01136,55,2,340.17,1,潜力用户
U01137,65,2,269.84000000000003,1,潜力用户
U01138,25,2,31.869999999999997,1,潜力用户
U01139,109,6,701.69,3,低价值用户
U01140,145,2,2041.09,3,低价值用户
U01141,182,2,10143.400000000001,3,低价值用户
U01142,145,2,1250.6200000000001,3,低价值用户
U01143,240,1,776.71,0,沉睡用户
U01144,353,1,4.9,0,沉睡用户
U01145,38,2,518.56,1,潜力用户
U01146,91,1,4.87,0,沉睡用户
U01147,249,2,194.18,0,沉睡用户
U01149,12,4,16874.54,2,高价值用户
U01150,164,1,403.34,0,沉睡用户
U01151,127,2,888.86,3,低价值用户
U01152,333,1,65.76,0,沉睡用户
U01153,72,3,1365.47,3,低价值用户
U01154,108,3,476.31,3,低价值用户
U01155,277,2,11370.460000000001,3,低价值用户
U01157,174,2,1078.72,3,低价值用户
U01158,173,5,28495.78,3,低价值用户
U01159,20,2,359.84,1,潜力用户
U01160,140,4,975.79,3,低价值用户
U01161,534,1,3.68,0,沉睡用户
U01162,93,2,539.03,3,低价值用户
U01163,84,3,151.03,1,潜力用户
U01164,150,5,1690.3899999999999,3,低价值用户
U01165,410,2,569.72,3,低价值用户
U01166,15,3,13307.2,2,高价值用户
U01167,59,3,3233.9300000000003,3,低价值用户
U01168,464,1,114.11,0,沉睡用户
U01170,264,4,1645.9,3,低价值用户
U01171,84,4,979.65,3,低价值用户
U01172,261,1,529.45,0,沉睡用户
U01173,376,1,517.65,0,沉睡用户
U01174,64,3,143.73,1,潜力用户
U01175,310,1,15.37,0,沉睡用户
U01176,303,4,353.46999999999997,3,低价值用户
U01177,106,2,368.23,0,沉睡用户
U01178,218,1,781.84,0,沉睡用户
U01179,180,1,106.15,0,沉睡用户
U01180,286,3,3538.0200000000004,3,低价值用户
U01181,413,1,5.17,0,沉睡用户
U01182,475,2,631.13,3,低价值用户
U01183,477,2,36186.68,3,低价值用户
U01184,260,2,596.96,3,低价值用户
U01185,328,3,804.94,3,低价值用户
U01186,47,6,4635.83,2,高价值用户
U01187,291,1,30.0,0,沉睡用户
U01188,53,4,648.41,1,潜力用户
U01189,89,2,234.74,0,沉睡用户
U01190,7,2,598.5999999999999,1,潜力用户
U01191,15,2,845.4,1,潜力用户
U01192,185,3,2313.28,3,低价值用户
U01194,51,2,180.39,1,潜力用户
U01195,22,1,442.81,1,潜力用户
U01196,58,5,16953.27,2,高价值用户
U01197,59,1,6.37,0,沉睡用户
U01198,5,6,1676.57,2,高价值用户
U01199,259,1,101.02,0,沉睡用户
U01202,23,2,299.47,1,潜力用户
U01203,530,1,387.57,0,沉睡用户
U01204,245,2,422.94,0,沉睡用户
U01205,13,2,2121.27,1,潜力用户
U01206,37,5,658.48,1,潜力用户
U01207,395,1,365.69,0,沉睡用户
U01208,382,1,3155.3,3,低价值用户
U01209,13,4,314.28,1,潜力用户
U01210,103,3,37.91,0,沉睡用户
U01212,28,3,75.72,1,潜力用户
U01213,70,1,309.98,0,沉睡用户
U01214,27,4,567.41,1,潜力用户
U01216,509,2,158.79,0,沉睡用户
U01217,57,2,5389.88,3,低价值用户
U01218,70,4,300.21999999999997,1,潜力用户
U01219,66,3,2358.37,3,低价值用户
U01220,6,3,16631.4,2,高价值用户
U01221,383,2,122.75999999999999,0,沉睡用户
U01222,433,2,1753.77,3,低价值用户
U01223,394,1,14.28,0,沉睡用户
U01224,233,2,492.02,3,低价值用户
U01225,23,6,711.5,2,高价值用户
U01226,138,4,662.29,3,低价值用户
U01227,393,1,126.37,0,沉睡用户
U01228,19,5,855.6099999999999,1,潜力用户
U01229,14,3,1048.03,1,潜力用户
U01230,13,2,51.03,1,潜力用户
U01231,22,3,1987.41,1,潜力用户
U01232,16,5,1355.49,2,高价值用户
U01233,37,2,278.25,1,潜力用户
U01234,112,4,1054.81,3,低价值用户
U01235,352,2,357.86,0,沉睡用户
U01236,153,2,488.77,3,低价值用户
U01237,153,4,811.7900000000001,3,低价值用户
U01240,138,1,235.98,0,沉睡用户
U01241,141,5,1846.74,3,低价值用户
U01242,59,3,713.4699999999999,1,潜力用户
U01243,337,1,46.7,0,沉睡用户
U01245,22,3,1789.73,1,潜力用户
U01246,26,2,841.64,1,潜力用户
U01247,109,2,1506.24,3,低价值用户
U01248,122,3,1064.43,3,低价值用户
U01250,85,2,279.93,0,沉睡用户
U01251,73,1,476.32,0,沉睡用户
U01252,291,1,9.78,0,沉睡用户
U01254,74,1,384.43,0,沉睡用户
U01255,507,1,90.72,0,沉睡用户
U01256,131,3,185.73,0,沉睡用户
U01257,338,2,677.76,3,低价值用户
U01258,216,2,192.42000000000002,0,沉睡用户
U01259,383,2,562.62,3,低价值用户
U01261,58,4,706.0,1,潜力用户
U01262,237,5,795.0,3,低价值用户
U01263,211,3,483.0,3,低价值用户
U01264,239,1,866.06,0,沉睡用户
U01265,295,1,2350.29,3,低价值用户
U01266,423,1,21.58,0,沉睡用户
U01267,11,2,13424.4,2,高价值用户
U01268,232,1,705.93,0,沉睡用户
U01269,239,4,21608.84,3,低价值用户
U01270,15,3,3682.17,1,潜力用户
U01271,383,1,337.33,0,沉睡用户
U01272,30,5,2663.84,2,高价值用户
U01273,371,3,998.92,3,低价值用户
U01274,185,1,34.24,0,沉睡用户
U01275,378,2,2336.88,3,低价值用户
U01276,123,2,80.02000000000001,0,沉睡用户
U01277,171,2,99.03999999999999,0,沉睡用户
U01278,346,2,180.26,0,沉睡用户
U01279,15,1,399.06,1,潜力用户
U01280,207,2,5875.75,3,低价值用户
U01281,135,3,1243.22,3,低价值用户
U01282,1,6,2408.73,2,高价值用户
U01283,27,5,398.11,1,潜力用户
U01284,173,1,7258.74,3,低价值用户
U01285,19,2,762.08,1,潜力用户
U01286,486,1,89.3,0,沉睡用户
U01287,67,4,243.51999999999998,1,潜力用户
U01288,247,3,4046.49,3,低价值用户
U01289,1,2,652.7,1,潜力用户
U01290,201,2,278.41,0,沉睡用户
U01291,142,5,1823.88,3,低价值用户
U01293,336,1,747.98,0,沉睡用户
U01294,85,1,10962.22,3,低价值用户
U01295,201,2,134.72,0,沉睡用户
U01296,458,1,131.44,0,沉睡用户
U01297,16,1,196.23,1,潜力用户
U01298,46,2,381.35,1,潜力用户
U01300,86,4,900.71,3,低价值用户
U01301,97,7,4048.05,2,高价值用户
U01302,381,2,243.28,0,沉睡用户
U01303,159,3,669.91,3,低价值用户
U01304,125,3,2625.34,3,低价值用户
U01305,64,4,366.45,1,潜力用户
U01306,420,3,2072.1600000000003,3,低价值用户
U01307,122,3,789.56,3,低价值用户
U01308,42,4,2619.27,2,高价值用户
U01309,216,3,2003.6399999999999,3,低价值用户
U01310,112,2,164.1,0,沉睡用户
U01311,253,1,159.99,0,沉睡用户
U01312,298,2,21.64,0,沉睡用户
U01313,274,1,192.49,0,沉睡用户
U01314,385,1,688.74,0,沉睡用户
U01316,71,5,598.46,3,低价值用户
U01317,17,2,17381.71,2,高价值用户
U01318,157,1,528.12,0,沉睡用户
U01319,141,2,532.23,3,低价值用户
U01321,207,1,760.18,0,沉睡用户
U01322,178,1,210.14,0,沉睡用户
U01323,53,2,232.14999999999998,1,潜力用户
U01324,327,1,180.78,0,沉睡用户
U01325,126,3,5237.68,3,低价值用户
U01326,34,5,10185.35,2,高价值用户
U01327,126,3,853.73,3,低价值用户
U01328,235,3,2274.33,3,低价值用户
U01329,86,3,3389.46,3,低价值用户
U01330,79,4,202.85999999999999,1,潜力用户
U01331,25,2,251.16,1,潜力用户
U01332,1,2,229.0,1,潜力用户
U01334,24,1,264.87,1,潜力用户
U01335,495,2,503.89,0,沉睡用户
U01336,479,1,65.7,0,沉睡用户
U01337,21,2,544.5600000000001,1,潜力用户
U01338,425,1,22.43,0,沉睡用户
U01339,388,2,204.85999999999999,0,沉睡用户
U01340,35,3,641.66,1,潜力用户
U01341,515,1,1276.2,0,沉睡用户
U01342,113,2,238.31,0,沉睡用户
U01343,15,3,376.95000000000005,1,潜力用户
U01344,20,6,1280.1599999999999,2,高价值用户
U01345,268,1,1311.29,0,沉睡用户
U01346,413,1,222.08,0,沉睡用户
U01347,462,2,1222.35,3,低价值用户
U01349,137,4,14247.59,3,低价值用户
U01352,376,3,2426.33,3,低价值用户
U01353,95,2,46.95,0,沉睡用户
U01354,159,2,540.97,3,低价值用户
U01355,104,3,11260.42,3,低价值用户
U01356,203,2,513.22,3,低价值用户
U01357,90,1,582.38,0,沉睡用户
U01358,267,2,16019.740000000002,3,低价值用户
U01360,108,2,81.62,0,沉睡用户
U01361,19,4,2221.5299999999997,2,高价值用户
U01363,12,6,662.88,2,高价值用户
U01364,259,2,288.02,0,沉睡用户
U01365,12,4,8063.07,2,高价值用户
U01366,150,4,649.44,3,低价值用户
U01367,268,4,348.83,3,低价值用户
U01368,144,1,20.66,0,沉睡用户
U01369,23,3,886.7,1,潜力用户
U01370,26,5,770.3899999999999,1,潜力用户
U01371,505,2,513.17,0,沉睡用户
U01372,252,1,972.84,0,沉睡用户
U01373,218,2,633.51,3,低价值用户
U01374,13,4,3385.5,2,高价值用户
U01375,76,2,927.1999999999999,3,低价值用户
U01376,405,2,24.61,0,沉睡用户
U01377,402,2,252.75,0,沉睡用户
U01378,144,2,60.06,0,沉睡用户
U01379,139,2,806.44,3,低价值用户
U01380,28,2,265.26,1,潜力用户
U01381,35,4,17937.769999999997,2,高价值用户
U01382,14,5,3523.02,2,高价值用户
U01383,13,2,436.13,1,潜力用户
U01384,346,1,71.76,0,沉睡用户
U01385,139,1,159.83,0,沉睡用户
U01387,179,3,6069.12,3,低价值用户
U01388,18,2,23.67,1,潜力用户
U01389,148,3,768.5799999999999,3,低价值用户
U01390,314,2,59.75,0,沉睡用户
U01391,30,3,10014.52,2,高价值用户
U01392,234,3,2537.92,3,低价值用户
U01393,23,5,499.17999999999995,1,潜力用户
U01394,162,5,792.5,3,低价值用户
U01395,77,1,1960.01,3,低价值用户
U01397,152,2,180.62,0,沉睡用户
U01399,28,5,355.46999999999997,1,潜力用户
U01400,377,1,133.15,0,沉睡用户
U01402,24,3,624.04,1,潜力用户
U01403,88,3,11876.810000000001,3,低价值用户
U01404,390,1,31.02,0,沉睡用户
U01406,241,2,14069.199999999999,3,低价值用户
U01407,31,4,929.48,1,潜力用户
U01408,154,1,22.41,0,沉睡用户
U01409,210,3,1244.8,3,低价值用户
U01410,74,1,264.75,0,沉睡用户
U01411,47,3,2165.4700000000003,1,潜力用户
U01412,30,4,1733.14,1,潜力用户
U01413,81,3,1592.02,3,低价值用户
U01414,45,2,173.70999999999998,1,潜力用户
U01415,71,2,189.89000000000001,0,沉睡用户
U01416,11,4,2254.0699999999997,2,高价值用户
U01417,127,2,65.87,0,沉睡用户
U01418,362,2,1068.93,3,低价值用户
U01419,164,2,184.54,0,沉睡用户
U01420,388,1,29.5,0,沉睡用户
U01421,474,1,1185.68,0,沉睡用户
U01423,16,1,145.31,1,潜力用户
U01425,138,1,9.95,0,沉睡用户
U01426,174,1,97.8,0,沉睡用户
U01427,92,3,526.29,3,低价值用户
U01428,5,3,2284.9500000000003,1,潜力用户
U01430,205,1,288.3,0,沉睡用户
U01431,249,2,2807.37,3,低价值用户
U01432,101,5,943.08,3,低价值用户
U01433,34,6,21621.17,2,高价值用户
U01434,176,5,370.13,3,低价值用户
U01435,197,3,5150.97,3,低价值用户
U01436,261,2,229.28000000000003,0,沉睡用户
U01437,30,3,673.39,1,潜力用户
U01438,26,2,353.45000000000005,1,潜力用户
U01439,235,1,12.15,0,沉睡用户
U01440,21,3,1517.0,1,潜力用户
U01442,7,3,135.67000000000002,1,潜力用户
U01443,280,4,316.0,3,低价值用户
U01444,105,3,329.0,3,低价值用户
U01445,15,6,838.04,2,高价值用户
U01446,22,4,1133.69,1,潜力用户
U01447,349,1,390.55,0,沉睡用户
U01448,187,2,909.9300000000001,3,低价值用户
U01449,17,1,12.35,0,沉睡用户
U01450,467,1,174.37,0,沉睡用户
U01451,97,2,1112.85,3,低价值用户
U01452,342,3,541.96,3,低价值用户
U01453,15,3,749.1700000000001,1,潜力用户
U01454,17,1,53.96,1,潜力用户
U01455,97,3,1275.97,3,低价值用户
U01456,239,1,22.2,0,沉睡用户
U01457,232,4,1289.42,3,低价值用户
U01458,214,2,752.44,3,低价值用户
U01459,385,1,17.8,0,沉睡用户
U01460,165,3,1071.3400000000001,3,低价值用户
U01461,184,1,12.2,0,沉睡用户
U01462,152,2,255.81,0,沉睡用户
U01463,129,2,1041.18,3,低价值用户
U01464,302,1,111.91,0,沉睡用户
U01465,113,4,8711.59,3,低价值用户
U01466,36,3,648.88,1,潜力用户
U01467,488,1,1831.8,3,低价值用户
U01468,167,1,12.17,0,沉睡用户
U01469,14,3,6831.950000000001,2,高价值用户
U01470,28,3,1434.28,1,潜力用户
U01471,98,1,12424.58,3,低价值用户
U01472,10,3,242.14999999999998,1,潜力用户
U01473,276,1,94.74,0,沉睡用户
U01474,164,1,82.61,0,沉睡用户
U01475,390,3,731.4,3,低价值用户
U01476,269,4,528.42,3,低价值用户
U01478,523,1,383.81,0,沉睡用户
U01480,347,1,611.45,0,沉睡用户
U01481,32,2,755.1700000000001,1,潜力用户
U01483,9,5,2206.36,2,高价值用户
U01484,39,5,2553.1400000000003,2,高价值用户
U01485,247,1,156.74,0,沉睡用户
U01486,161,1,76.11,0,沉睡用户
U01488,250,2,682.49,3,低价值用户
U01489,143,2,1634.24,3,低价值用户
U01490,293,2,519.0799999999999,3,低价值用户
U01491,385,1,172.04,0,沉睡用户
U01492,7,4,1931.76,2,高价值用户
U01493,140,3,455.48,3,低价值用户
U01494,418,1,89.31,0,沉睡用户
U01495,384,3,845.95,3,低价值用户
U01496,18,3,960.1700000000001,1,潜力用户
U01499,13,4,287.53,1,潜力用户
U01501,179,2,627.23,3,低价值用户
U01503,231,1,901.33,0,沉睡用户
U01504,518,1,1717.53,3,低价值用户
U01505,366,2,560.62,3,低价值用户
U01506,245,1,145.0,0,沉睡用户
U01507,131,2,398.15,0,沉睡用户
U01509,175,1,3436.28,3,低价值用户
U01510,136,2,400.07,0,沉睡用户
U01511,3,5,1234.37,2,高价值用户
U01512,92,2,150.88,0,沉睡用户
U01513,388,2,1473.03,3,低价值用户
U01515,252,4,1112.7800000000002,3,低价值用户
U01516,289,1,114.19,0,沉睡用户
U01517,510,1,7.72,0,沉睡用户
U01519,185,2,1054.39,3,低价值用户
U01520,395,1,2911.1,3,低价值用户
U01521,64,3,10168.66,3,低价值用户
U01522,153,1,21.01,0,沉睡用户
U01523,465,1,66.62,0,沉睡用户
U01524,344,3,999.72,3,低价值用户
U01525,185,3,1103.95,3,低价值用户
U01526,273,2,204.25,0,沉睡用户
U01527,354,1,94.0,0,沉睡用户
U01528,115,1,76.39,0,沉睡用户
U01529,238,3,8715.96,3,低价值用户
U01530,118,3,614.23,3,低价值用户
U01531,301,2,381.57,0,沉睡用户
U01532,31,4,17987.56,2,高价值用户
U01533,405,1,3.11,0,沉睡用户
U01534,4,3,585.21,1,潜力用户
U01535,282,3,174.78,0,沉睡用户
U01538,206,2,467.92,0,沉睡用户
U01539,459,1,12.02,0,沉睡用户
U01540,64,4,5558.610000000001,3,低价值用户
U01541,13,1,929.5,1,潜力用户
U01542,2,5,1307.98,2,高价值用户
U01543,76,1,460.6,0,沉睡用户
U01544,206,3,6651.9,3,低价值用户
U01546,468,1,74.02,0,沉睡用户
U01547,83,1,1001.07,0,沉睡用户
U01548,4,7,1134.23,2,高价值用户
U01549,377,1,658.69,0,沉睡用户
U01550,235,4,9136.62,3,低价值用户
U01551,152,3,840.67,3,低价值用户
U01552,18,3,552.5799999999999,1,潜力用户
U01553,515,1,287.94,0,沉睡用户
U01554,278,2,137.39,0,沉睡用户
U01555,444,1,147.29,0,沉睡用户
U01556,537,1,1637.36,3,低价值用户
U01557,266,2,1055.07,3,低价值用户
U01558,5,5,486.49,1,潜力用户
U01559,101,5,5406.9800000000005,3,低价值用户
U01560,310,2,111.32,0,沉睡用户
U01563,32,3,1249.0500000000002,1,潜力用户
U01564,295,1,153.25,0,沉睡用户
U01565,231,2,155.57999999999998,0,沉睡用户
U01566,86,1,11.78,0,沉睡用户
U01567,82,4,964.2,3,低价值用户
U01568,271,2,31.85,0,沉睡用户
U01569,15,1,530.16,1,潜力用户
U01570,115,3,253.05,3,低价值用户
U01571,18,4,1415.58,1,潜力用户
U01572,91,1,30.18,0,沉睡用户
U01573,93,3,3947.28,3,低价值用户
U01574,161,2,324.53,0,沉睡用户
U01575,168,4,942.61,3,低价值用户
U01576,27,3,175.65,1,潜力用户
U01578,192,2,468.79,3,低价值用户
U01579,446,1,99.9,0,沉睡用户
U01580,266,1,130.4,0,沉睡用户
U01581,22,3,14363.689999999999,2,高价值用户
U01582,173,2,515.89,3,低价值用户
U01583,296,3,2473.47,3,低价值用户
U01584,20,5,4623.97,2,高价值用户
U01585,187,2,7575.29,3,低价值用户
U01586,74,2,206.79,0,沉睡用户
U01587,521,1,4.75,0,沉睡用户
U01588,228,2,585.74,3,低价值用户
U01589,58,4,2484.75,3,低价值用户
U01590,188,4,1677.47,3,低价值用户
U01591,382,3,682.55,3,低价值用户
U01592,34,2,1087.5600000000002,1,潜力用户
U01593,68,2,1511.51,3,低价值用户
U01594,28,2,837.3700000000001,1,潜力用户
U01595,122,2,853.4100000000001,3,低价值用户
U01596,166,4,680.93,3,低价值用户
U01597,28,2,1051.99,1,潜力用户
U01598,497,1,13.23,0,沉睡用户
U01599,26,6,1224.78,2,高价值用户
U01600,379,2,5275.62,3,低价值用户
U01604,60,1,417.17,0,沉睡用户
U01605,364,2,322.29,0,沉睡用户
U01606,331,1,8.31,0,沉睡用户
U01607,294,4,6285.22,3,低价值用户
U01608,144,5,8961.769999999999,3,低价值用户
U01609,43,4,1230.73,1,潜力用户
U01610,432,1,763.91,0,沉睡用户
U01611,11,6,2611.0299999999997,2,高价值用户
U01612,46,1,226.65,0,沉睡用户
U01613,341,2,1697.75,3,低价值用户
U01614,485,1,806.88,0,沉睡用户
U01616,247,3,946.1499999999999,3,低价值用户
U01619,60,3,696.18,1,潜力用户
U01620,143,3,1396.6,3,低价值用户
U01621,233,1,614.98,0,沉睡用户
U01622,130,2,130.92000000000002,0,沉睡用户
U01623,184,2,1189.83,3,低价值用户
U01624,27,3,485.03000000000003,1,潜力用户
U01627,16,4,13419.449999999999,2,高价值用户
U01630,221,1,28686.64,3,低价值用户
U01631,409,1,24.88,0,沉睡用户
U01632,82,4,323.17,1,潜力用户
U01633,78,3,939.63,3,低价值用户
U01634,316,1,8.02,0,沉睡用户
U01635,182,1,863.81,0,沉睡用户
U01636,188,2,170.55,0,沉睡用户
U01637,473,1,250.64,0,沉睡用户
U01638,17,2,472.46,1,潜力用户
U01640,460,2,611.46,3,低价值用户
U01642,63,3,1033.1100000000001,3,低价值用户
U01644,185,1,102.88,0,沉睡用户
U01645,261,2,13430.07,3,低价值用户
U01646,150,3,490.44,3,低价值用户
U01647,76,2,16578.26,3,低价值用户
U01648,65,3,1781.56,3,低价值用户
U01649,147,2,3512.25,3,低价值用户
U01650,20,2,1201.29,1,潜力用户
U01651,13,4,308.7,1,潜力用户
U01653,136,3,1066.47,3,低价值用户
U01654,27,1,187.13,1,潜力用户
U01655,24,2,4497.48,1,潜力用户
U01656,27,4,241.52,1,潜力用户
U01658,34,5,1031.79,1,潜力用户
U01659,242,3,1035.65,3,低价值用户
U01660,337,1,137.34,0,沉睡用户
U01661,139,2,361.32,0,沉睡用户
U01662,354,2,5074.04,3,低价值用户
U01663,108,1,349.22,0,沉睡用户
U01664,377,1,62.47,0,沉睡用户
U01665,14,2,794.36,1,潜力用户
U01666,453,1,1658.88,3,低价值用户
U01667,129,2,18.87,0,沉睡用户
U01668,345,2,342.54,0,沉睡用户
U01670,100,1,61.27,0,沉睡用户
U01672,298,2,342.41,0,沉睡用户
U01674,128,1,1019.96,0,沉睡用户
U01675,16,4,13837.75,2,高价值用户
U01676,4,3,3074.49,1,潜力用户
U01677,34,6,3486.06,2,高价值用户
U01678,217,2,295.72,0,沉睡用户
U01679,18,3,280.15,1,潜力用户
U01680,409,1,12.66,0,沉睡用户
U01681,133,3,3194.33,3,低价值用户
U01683,30,2,613.09,1,潜力用户
U01684,17,1,75.31,1,潜力用户
U01685,62,5,1225.47,3,低价值用户
U01686,163,1,652.34,0,沉睡用户
U01687,379,1,59.29,0,沉睡用户
U01689,53,2,735.3299999999999,1,潜力用户
U01690,336,1,17.18,0,沉睡用户
U01691,377,1,154.02,0,沉睡用户
U01692,16,4,705.3199999999999,1,潜力用户
U01693,103,2,987.5400000000001,3,低价值用户
U01695,14,2,264.11,1,潜力用户
U01698,77,3,1644.86,3,低价值用户
U01699,274,1,26.67,0,沉睡用户
U01700,7,2,25264.730000000003,2,高价值用户
U01701,115,1,5.38,0,沉睡用户
U01702,118,2,176.04,0,沉睡用户
U01703,325,1,616.64,0,沉睡用户
U01705,377,2,218.7,0,沉睡用户
U01706,480,1,1042.68,0,沉睡用户
U01707,67,2,160.2,0,沉睡用户
U01708,450,1,859.7,0,沉睡用户
U01709,124,4,215.34,3,低价值用户
U01710,29,2,868.41,1,潜力用户
U01711,168,2,139.04,0,沉睡用户
U01712,51,1,66.46,0,沉睡用户
U01713,84,3,674.93,3,低价值用户
U01714,225,1,88.84,0,沉睡用户
U01715,126,4,1372.2299999999998,3,低价值用户
U01716,528,1,112.18,0,沉睡用户
U01719,110,2,1788.5,3,低价值用户
U01720,30,1,550.2,1,潜力用户
U01722,211,2,758.8,3,低价值用户
U01723,239,4,3939.29,3,低价值用户
U01724,224,1,490.14,0,沉睡用户
U01725,504,1,76.97,0,沉睡用户
U01726,266,2,128.39,0,沉睡用户
U01727,129,3,8010.1,3,低价值用户
U01728,83,2,255.88,0,沉睡用户
U01729,95,3,2813.62,3,低价值用户
U01731,25,1,128.11,1,潜力用户
U01732,112,1,162.11,0,沉睡用户
U01733,231,3,876.47,3,低价值用户
U01734,152,2,920.27,3,低价值用户
U01735,199,1,487.84,0,沉睡用户
U01736,166,1,223.19,0,沉睡用户
U01737,13,2,737.63,1,潜力用户
U01738,86,2,4375.89,3,低价值用户
U01739,226,3,559.9100000000001,3,低价值用户
U01740,160,2,1595.73,3,低价值用户
U01741,117,1,31.53,0,沉睡用户
U01742,22,3,246.29000000000002,1,潜力用户
U01743,149,3,2370.8900000000003,3,低价值用户
U01744,389,1,5.76,0,沉睡用户
U01745,487,1,796.4,0,沉睡用户
U01746,372,3,1079.22,3,低价值用户
U01747,122,1,169.65,0,沉睡用户
U01748,472,1,187.78,0,沉睡用户
U01749,485,1,4.57,0,沉睡用户
U01750,194,1,4.8,0,沉睡用户
U01751,294,1,13.4,0,沉睡用户
U01752,247,1,479.93,0,沉睡用户
U01753,17,5,2700.17,2,高价值用户
U01754,182,1,630.56,0,沉睡用户
U01755,493,1,15.73,0,沉睡用户
U01756,289,3,685.9,3,低价值用户
U01757,133,1,313.39,0,沉睡用户
U01758,264,2,89.43,0,沉睡用户
U01759,41,2,96.87,1,潜力用户
U01760,39,6,2244.2900000000004,2,高价值用户
U01761,13,2,1689.68,1,潜力用户
U01762,175,1,4901.2,3,低价值用户
U01763,334,1,652.75,0,沉睡用户
U01764,36,2,1509.9,1,潜力用户
U01765,125,1,654.77,0,沉睡用户
U01766,14,1,2179.22,1,潜力用户
U01767,30,3,805.4499999999999,1,潜力用户
U01768,275,1,202.82,0,沉睡用户
U01769,136,2,368.75,0,沉睡用户
U01770,370,1,173.65,0,沉睡用户
U01771,254,4,14358.1,3,低价值用户
U01772,89,2,601.7,3,低价值用户
U01773,496,2,244.49,0,沉睡用户
U01774,135,3,1480.99,3,低价值用户
U01775,97,2,541.7,3,低价值用户
U01776,286,2,279.79999999999995,0,沉睡用户
U01777,51,3,892.1,1,潜力用户
U01778,64,1,2439.93,3,低价值用户
U01779,369,2,198.56,0,沉睡用户
U01780,48,1,176.49,0,沉睡用户
U01781,506,2,274.44,0,沉睡用户
U01782,137,1,1023.79,0,沉睡用户
U01783,246,3,190.63,0,沉睡用户
U01784,447,1,32.55,0,沉睡用户
U01785,30,6,1546.39,2,高价值用户
U01786,377,1,717.61,0,沉睡用户
U01787,33,4,16070.97,2,高价值用户
U01788,400,1,80.72,0,沉睡用户
U01789,18,2,1012.0699999999999,1,潜力用户
U01790,441,2,1056.98,3,低价值用户
U01791,141,5,1602.1,3,低价值用户
U01792,211,1,26.54,0,沉睡用户
U01793,112,5,3012.8,3,低价值用户
U01795,156,2,42.35,0,沉睡用户
U01796,369,2,1016.0899999999999,3,低价值用户
U01797,25,5,461.66,1,潜力用户
U01798,410,2,1900.3000000000002,3,低价值用户
U01799,233,3,920.8599999999999,3,低价值用户
U01800,311,2,1645.45,3,低价值用户
